;director_name;actor_1_name;actor_2_name;actor_3_name;movie_title;imdb_score;title_year
390;John Milius;William Smith;Mako;Sandahl Bergman;Conan the Barbarian ;6.9;1982.0
422;Bob Fosse;Roy Scheider;Ben Vereen;Max Wright;All That Jazz ;7.8;1979.0
430;George A. Romero;Ted Danson;Hal Holbrook;Adrienne Barbeau;Creepshow ;6.9;1982.0
606;James Cameron;Michael Biehn;Todd Graff;Mary Elizabeth Mastrantonio;The Abyss ;7.6;1989.0
676;John Milius;Lea Thompson;Jennifer Grey;William Smith;Red Dawn ;6.4;1984.0
819;Peter MacDonald;Sylvester Stallone;Kurtwood Smith;Richard Crenna;Rambo III ;5.7;1988.0
840;Richard Donner;Marlon Brando;Margot Kidder;Ned Beatty;Superman ;7.3;1978.0
859;Andrey Konchalovskiy;Sylvester Stallone;Jack Palance;Brion James;Tango & Cash ;6.3;1989.0
890;Stanley Kubrick;James Mason;Shelley Winters;Lois Maxwell;Lolita ;7.7;1962.0
898;Richard Lester;Margot Kidder;Ned Beatty;Jackie Cooper;Superman II ;6.8;1980.0
1039;Steven Spielberg;Harrison Ford;Julian Glover;Alison Doody;Indiana Jones and the Last Crusade ;8.3;1989.0
1051;Francis Ford Coppola;Nicolas Cage;Bob Hoskins;Fred Gwynne;The Cotton Club ;6.5;1984.0
1060;Ted Kotcheff;Sylvester Stallone;Brian Dennehy;Chris Mulkey;First Blood ;7.7;1982.0
1061;Andrei Tarkovsky;Donatas Banionis;Anatoliy Solonitsyn;Natalya Bondarchuk;Solaris ;8.1;1972.0
1072;Terence Young;Laurence Olivier;Ben Gazzara;Jacqueline Bisset;Inchon ;2.7;1981.0
1099;Melville Shavelson;Lucille Ball;Tom Bosley;Tim Matheson;Yours, Mine and Ours ;7.2;1968.0
1112;David Lynch;Virginia Madsen;Jürgen Prochnow;José Ferrer;Dune ;6.6;1984.0
1141;George P. Cosmatos;Sylvester Stallone;Julia Nickson;Martin Kove;Rambo: First Blood Part II ;6.4;1985.0
1143;Norman Ferguson;Mel Blanc;Dickie Jones;Cliff Edwards;Pinocchio ;7.5;1940.0
1144;Michael Cimino;Jeff Bridges;Sam Waterston;Isabelle Huppert;Heaven's Gate ;6.8;1980.0
1160;Joseph L. Mankiewicz;Martin Landau;Richard Burton;Roddy McDowall;Cleopatra ;7.0;1963.0
1166;John Glen;Robert Davi;Talisa Soto;Anthony Zerbe;Licence to Kill ;6.6;1989.0
1184;John G. Avildsen;Martin Kove;William Zabka;William Bassett;The Karate Kid ;7.2;1984.0
1188;Robert Zemeckis;Lea Thompson;Jeffrey Weissman;Thomas F. Wilson;Back to the Future Part II ;7.8;1989.0
1237;John Glen;Joe Don Baker;Desmond Llewelyn;Art Malik;The Living Daylights ;6.7;1987.0
1239;Ivan Reitman;Brian Dennehy;Debra Winger;Roscoe Lee Browne;Legal Eagles ;5.9;1986.0
1281;Martin Scorsese;Robert De Niro;David Carradine;David Proval;Mean Streets ;7.4;1973.0
1294;Elaine May;Carol Kane;Warren Beatty;Isabelle Adjani;Ishtar ;4.2;1987.0
1308;Jerry Jameson;M. Emmet Walsh;Jason Robards;Anne Archer;Raise the Titanic ;4.7;1980.0
1336;Richard Lester;Margot Kidder;Robert Vaughn;Jackie Cooper;Superman III ;4.9;1983.0
1359;John Carpenter;Wilford Brimley;Richard Masur;David Clennon;The Thing ;8.2;1982.0
1384;Irvin Kershner;Bernie Casey;Klaus Maria Brandauer;Barbara Carrera;Never Say Never Again ;6.2;1983.0
1400;Tim Burton;Michael Gough;Jack Palance;William Hootkins;Batman ;7.6;1989.0
1409;Robert Wise;Leonard Nimoy;Nichelle Nichols;Walter Koenig;Star Trek: The Motion Picture ;6.4;1979.0
1420;Wes Craven;Johnny Depp;Lin Shaye;Amanda Wyss;A Nightmare on Elm Street ;7.5;1984.0
1438;Tobe Hooper;Heather O'Rourke;Zelda Rubinstein;Craig T. Nelson;Poltergeist ;7.4;1982.0
1446;Michael Ritchie;Tatum O'Neal;Vic Morrow;Joyce Van Patten;The Bad News Bears ;7.3;1976.0
1459;Mike Hodges;Brian Blessed;William Hootkins;Sam J. Jones;Flash Gordon ;6.4;1980.0
1482;Peter Yates;Liam Neeson;Alun Armstrong;Lysette Anthony;Krull ;6.0;1983.0
1504;Moustapha Akkad;Oliver Reed;Rod Steiger;John Gielgud;Lion of the Desert ;8.4;1980.0
1523;Warren Beatty;Paul Sorvino;Warren Beatty;M. Emmet Walsh;Reds ;7.5;1981.0
1536;Richard Marquand;Harrison Ford;Ian McDiarmid;Kenny Baker;Star Wars: Episode VI - Return of the Jedi ;8.4;1983.0
1543;Richard Donner;Bill Murray;Alfre Woodard;Robert Mitchum;Scrooged ;7.0;1988.0
1556;Steven Spielberg;Christopher Lee;John Belushi;Treat Williams;1941 ;5.9;1979.0
1571;Francis Ford Coppola;Harrison Ford;Marlon Brando;Robert Duvall;Apocalypse Now ;8.5;1979.0
1575;Sydney Pollack;Meryl Streep;Michael Gough;Michael Kitchen;Out of Africa ;7.2;1985.0
1577;Lewis Gilbert;Desmond Llewelyn;Lois Chiles;Lois Maxwell;Moonraker ;6.3;1979.0
1631;William Shatner;Leonard Nimoy;Nichelle Nichols;Walter Koenig;Star Trek V: The Final Frontier ;5.4;1989.0
1634;John Glen;Patrick Macnee;Alison Doody;Tanya Roberts;A View to a Kill ;6.3;1985.0
1640;Ridley Scott;Stephen Root;Ken Takakura;Kate Capshaw;Black Rain ;6.6;1989.0
1655;Martin Brest;Robert De Niro;Yaphet Kotto;Philip Baker Hall;Midnight Run ;7.6;1988.0
1656;Paul Michael Glaser;Yaphet Kotto;Maria Conchita Alonso;Richard Dawson;The Running Man ;6.6;1987.0
1657;Frank Oz;Bill Murray;Jim Belushi;Tisha Campbell-Martin;Little Shop of Horrors ;6.9;1986.0
1693;Willard Huyck;Lea Thompson;Jeffrey Jones;Jordan Prentice;Howard the Duck ;4.6;1986.0
1713;Edward Zwick;Denzel Washington;Morgan Freeman;Matthew Broderick;Glory ;7.9;1989.0
1714;Sergio Leone;Robert De Niro;Burt Young;Treat Williams;Once Upon a Time in America ;8.4;1984.0
1743;Richard Attenborough;Denzel Washington;Kevin McNally;Penelope Wilton;Cry Freedom ;7.5;1987.0
1749;Steven Spielberg;Harrison Ford;Amrish Puri;Kate Capshaw;Indiana Jones and the Temple of Doom ;7.6;1984.0
1754;John McTiernan;Alan Rickman;Bruce Willis;Reginald VelJohnson;Die Hard ;8.2;1988.0
1765;John Glen;Julian Glover;Topol;Desmond Llewelyn;For Your Eyes Only ;6.8;1981.0
1777;Ridley Scott;Harrison Ford;Sean Young;M. Emmet Walsh;Blade Runner ;8.2;1982.0
1795;John Glen;Louis Jourdan;Kabir Bedi;Steven Berkoff;Octopussy ;6.6;1983.0
1799;David Lean;Richard Wilson;Judy Davis;Art Malik;A Passage to India ;7.4;1984.0
1807;John Landis;John Belushi;Aretha Franklin;Ray Charles;The Blues Brothers ;7.9;1980.0
1813;Philip Kaufman;Dennis Quaid;Scott Glenn;Sam Shepard;The Right Stuff ;7.9;1983.0
1815;Wolfgang Petersen;Gerald McRaney;Barret Oliver;Alan Oppenheimer;The NeverEnding Story ;7.4;1984.0
1819;Walter Murch;Piper Laurie;Jean Marsh;Tim Rose;Return to Oz ;6.7;1985.0
1843;Richard Attenborough;Ryan O'Neal;Dirk Bogarde;Wolfgang Preiss;A Bridge Too Far ;7.4;1977.0
1851;Lawrence Kasdan;Scott Glenn;Todd Allen;Brad Leland;Silverado ;7.2;1985.0
1868;Barry Levinson;Tom Cruise;Valeria Golino;Beth Grant;Rain Man ;8.0;1988.0
1884;Brian De Palma;Robert De Niro;Billy Drago;Charles Martin Smith;The Untouchables ;7.9;1987.0
1894;Richard Donner;Lee Remick;Patrick Troughton;Billie Whitelaw;The Omen ;7.6;1976.0
1906;Brian De Palma;Al Pacino;F. Murray Abraham;Mary Elizabeth Mastrantonio;Scarface ;8.3;1983.0
1908;Bernardo Bertolucci;Cary-Hiroyuki Tagawa;Joan Chen;Victor Wong;The Last Emperor ;7.8;1987.0
1933;Richard Fleischer;Joseph Cotten;Richard Anderson;James Whitmore;Tora! Tora! Tora! ;7.5;1970.0
1956;James Bridges;Dianne Wiest;Phoebe Cates;Swoosie Kurtz;Bright Lights, Big City ;5.6;1988.0
1971;Tobe Hooper;Frank Finlay;Steve Railsback;Peter Firth;Lifeforce ;6.1;1985.0
1976;John Carpenter;Victor Wong;Kate Burton;Peter Kwong;Big Trouble in Little China ;7.3;1986.0
1990;John Guillermin;Tanya Roberts;Donovan Scott;Ted Wass;Sheena ;4.8;1984.0
2013;Sergey Bondarchuk;Rod Steiger;Dan O'Herlihy;Jack Hawkins;Waterloo ;7.3;1970.0
2016;Stephen Frears;Keanu Reeves;Peter Capaldi;Swoosie Kurtz;Dangerous Liaisons ;7.7;1988.0
2018;Leonard Nimoy;Leonard Nimoy;Nichelle Nichols;Walter Koenig;Star Trek IV: The Voyage Home ;7.3;1986.0
2025;Herbert Ross;Dianne Wiest;Chris Penn;Lori Singer;Footloose ;6.5;1984.0
2037;Sidney Lumet;Lena Horne;Diana Ross;Theresa Merritt;The Wiz ;5.2;1978.0
2051;Irvin Kershner;Harrison Ford;Kenny Baker;Anthony Daniels;Star Wars: Episode V - The Empire Strikes Back ;8.8;1980.0
2066;Joseph Sargent;Judith Barsi;Mario Van Peebles;Lynn Whitfield;Jaws: The Revenge ;2.8;1987.0
2079;Mel Brooks;Joan Rivers;Dick Van Patten;Michael Winslow;Spaceballs ;7.1;1987.0
2088;Richard Attenborough;Candice Bergen;Amrish Puri;John Gielgud;Gandhi ;8.1;1982.0
2114;Blake Edwards;Rock Hudson;Vernon Dobtcheff;Jeremy Kemp;Darling Lili ;6.2;1970.0
2123;William Friedkin;Roy Scheider;Joe Spinell;Amidou;Sorcerer ;7.7;1977.0
2132;Clint Eastwood;Clint Eastwood;Warren Clarke;Kenneth Colley;Firefox ;5.9;1982.0
2150;Colin Higgins;Dolly Parton;Barry Corbin;Dom DeLuise;The Best Little Whorehouse in Texas ;5.8;1982.0
2152;Steven Spielberg;Harrison Ford;Karen Allen;William Hootkins;Raiders of the Lost Ark ;8.5;1981.0
2154;Steven Spielberg;Bob Balaban;Teri Garr;Melinda Dillon;Close Encounters of the Third Kind ;7.7;1977.0
2156;Tony Scott;Dean Stockwell;Judge Reinhold;Ronny Cox;Beverly Hills Cop II ;6.4;1987.0
2161;Jeannot Szwarc;Roy Scheider;Murray Hamilton;Joseph Mascolo;Jaws 2 ;5.7;1978.0
2180;William Friedkin;Roy Scheider;Fernando Rey;Tony Lo Bianco;The French Connection ;7.8;1971.0
2193;John Milius;William Smith;Mako;Sandahl Bergman;Conan the Barbarian ;6.9;1982.0
2200;Gary Nelson;Robert Forster;Maximilian Schell;Yvette Mimieux;The Black Hole ;5.9;1979.0
2211;Joshua Logan;Clint Eastwood;Lee Marvin;Ray Walston;Paint Your Wagon ;6.7;1969.0
2242;Alfred Hitchcock;Janet Leigh;Vera Miles;John Gavin;Psycho ;8.5;1960.0
2246;Steve Rash;Mako;Adam Arkin;Billy Barty;Under the Rainbow ;5.4;1981.0
2247;Richard Donner;Matthew Broderick;John Wood;Leo McKern;Ladyhawke ;7.0;1985.0
2266;George Stevens;Martin Landau;Carroll Baker;José Ferrer;The Greatest Story Ever Told ;6.6;1965.0
2290;Neil Jordan;Robert De Niro;Demi Moore;James Russo;We're No Angels ;6.0;1989.0
2299;Bob Fosse;Sammy Davis Jr.;Ricardo Montalban;Ben Vereen;Sweet Charity ;7.0;1969.0
2325;Nancy Walker;Steve Guttenberg;Randy Jones;Caitlyn Jenner;Can't Stop the Music ;4.5;1980.0
2358;Harold Becker;Al Pacino;Michael O'Neill;Ellen Barkin;Sea of Love ;6.8;1989.0
2362;Stanley Kubrick;Scatman Crothers;Shelley Duvall;Joe Turkel;The Shining ;8.4;1980.0
2363;Robert Zemeckis;Lea Thompson;Thomas F. Wilson;J.J. Cohen;Back to the Future ;8.5;1985.0
2375;Roger Donaldson;Liam Neeson;Anthony Hopkins;Laurence Olivier;The Bounty ;7.0;1984.0
2379;Anthony Mann;James Mason;Mel Ferrer;Stephen Boyd;The Fall of the Roman Empire ;6.7;1964.0
2393;Penny Marshall;Tom Hanks;Jon Lovitz;John Heard;Big ;7.3;1988.0
2396;Leonard Nimoy;Leonard Nimoy;Nichelle Nichols;Walter Koenig;Star Trek III: The Search for Spock ;6.6;1984.0
2406;John McTiernan;Shane Black;Bill Duke;Carl Weathers;Predator ;7.8;1987.0
2407;Milos Forman;Jeffrey Jones;F. Murray Abraham;Tom Hulce;Amadeus ;8.3;1984.0
2413;Francis Ford Coppola;Nicolas Cage;Kathleen Turner;Joan Allen;Peggy Sue Got Married ;6.3;1986.0
2418;Edward Zwick;Denzel Washington;Morgan Freeman;Matthew Broderick;Glory ;7.9;1989.0
2420;John Carpenter;Jamie Lee Curtis;Hal Holbrook;Janet Leigh;The Fog ;6.8;1980.0
2422;Mike Nichols;Bob Newhart;Bob Balaban;Martin Balsam;Catch-22 ;7.2;1970.0
2424;Richard Fleischer;Mako;Olivia d'Abo;Grace Jones;Conan the Destroyer ;5.8;1984.0
2425;Martin Scorsese;Robert De Niro;Cathy Moriarty;Frank Vincent;Raging Bull ;8.3;1980.0
2427;Barry Levinson;Nicholas Rowe;Roger Ashton-Griffiths;Freddie Jones;Young Sherlock Holmes ;6.8;1985.0
2438;William A. Fraker;Jason Robards;Richard Farnsworth;Michael Horse;The Legend of the Lone Ranger ;5.0;1981.0
2440;Brian De Palma;Nancy Allen;Dennis Franz;John McMartin;Blow Out ;7.4;1981.0
2444;Jeff Kanew;Craig T. Nelson;Shelley Long;Kellie Martin;Troop Beverly Hills ;5.5;1989.0
2446;Adrian Lyne;David Margulies;Karen Young;Kim Chan;9½ Weeks ;5.9;1986.0
2447;Matthew Robbins;Ian McDiarmid;Ralph Richardson;Albert Salmi;Dragonslayer ;6.7;1981.0
2453;Hal Needham;Barry Bostwick;Michael Beck;Henry Silva;Megaforce ;3.5;1982.0
2462;Mike Marvin;Clint Howard;Randy Quaid;Nick Cassavetes;The Wraith ;5.9;1986.0
2469;George A. Romero;Greg Nicotero;John Amplas;Joseph Pilato;Day of the Dead ;7.2;1985.0
2473;Richard Fleischer;Ernie Reyes Jr.;Brigitte Nielsen;Sandahl Bergman;Red Sonja ;5.0;1985.0
2486;James Cameron;Michael Biehn;Carrie Henn;Jenette Goldstein;Aliens ;8.4;1986.0
2487;George Cukor;Jeremy Brett;Rex Harrison;Theodore Bikel;My Fair Lady ;7.9;1964.0
2492;John Carpenter;Jamie Lee Curtis;Donald Pleasence;P.J. Soles;Halloween ;7.9;1978.0
2514;Nicholas Ray;Ava Gardner;David Niven;John Ireland;55 Days at Peking ;6.8;1963.0
2518;Sidney J. Furie;Jim Broadbent;Margot Kidder;William Hootkins;Superman IV: The Quest for Peace ;3.6;1987.0
2522;Jim Goddard;Victor Wong;Paul Freeman;Clyde Kusatsu;Shanghai Surprise ;3.0;1986.0
2524;Noel Marshall;Tippi Hedren;Melanie Griffith;Zakes Mokae;Roar ;6.4;1981.0
2529;Jack Smight;George Peppard;Jan-Michael Vincent;Paul Winfield;Damnation Alley ;5.2;1977.0
2534;Oliver Stone;Hal Holbrook;Tamara Tunie;James Karen;Wall Street ;7.4;1987.0
2539;Peter Weir;Robin Williams;Josh Charles;Kurtwood Smith;Dead Poets Society ;8.0;1989.0
2541;Rob Reiner;Bruno Kirby;Gretchen Palmer;Harley Jane Kozak;When Harry Met Sally... ;7.6;1989.0
2542;Sidney Lumet;Charlotte Rampling;James Mason;Jack Warden;The Verdict ;7.8;1982.0
2567;Woody Allen;Mike Starr;Don Pardo;Julie Kavner;Radio Days ;7.6;1987.0
2571;Richard Benjamin;Jon Lovitz;Alyson Hannigan;Tony Jay;My Stepmother Is an Alien ;5.2;1988.0
2575;Ronald Neame;Martin Landau;Karl Malden;Brian Keith;Meteor ;4.9;1979.0
2579;Russell Mulcahy;Christopher Lambert;Jon Polito;Celia Imrie;Highlander ;7.2;1986.0
2600;Martin Brest;Judge Reinhold;Ronny Cox;James Russo;Beverly Hills Cop ;7.3;1984.0
2602;Leonard Nimoy;Tom Selleck;Ted Danson;Steve Guttenberg;3 Men and a Baby ;5.9;1987.0
2603;Sydney Pollack;Bill Murray;Sydney Pollack;Teri Garr;Tootsie ;7.4;1982.0
2604;Tony Scott;Tom Cruise;Tom Skerritt;Adrian Pasdar;Top Gun ;6.9;1986.0
2608;Ivan Reitman;Kelly Preston;Tony Jay;Hugh O'Brian;Twins ;6.0;1988.0
2611;Steven Spielberg;Oprah Winfrey;Rae Dawn Chong;Dana Ivey;The Color Purple ;7.8;1985.0
2615;Howard Zieff;Eileen Brennan;Albert Brooks;Alan Oppenheimer;Private Benjamin ;6.1;1980.0
2616;Michael Apted;Sissy Spacek;Beverly D'Angelo;Levon Helm;Coal Miner's Daughter ;7.5;1980.0
2619;John Carpenter;Jamie Lee Curtis;Donald Pleasence;P.J. Soles;Halloween ;7.9;1978.0
2620;Harold Ramis;Beverly D'Angelo;Randy Quaid;Jane Krakowski;National Lampoon's Vacation ;7.4;1983.0
2623;Tim Burton;Catherine O'Hara;Jeffrey Jones;Glenn Shadix;Beetlejuice ;7.5;1988.0
2629;Michael Cimino;Robert De Niro;Meryl Streep;John Savage;The Deer Hunter ;8.2;1978.0
2644;David Lean;Claude Rains;José Ferrer;Jack Hawkins;Lawrence of Arabia ;8.4;1962.0
2651;Rob Reiner;Robin Wright;Carol Kane;André the Giant;The Princess Bride ;8.1;1987.0
2681;Mark L. Lester;Heather Locklear;George C. Scott;David Keith;Firestarter ;6.0;1984.0
2695;Woody Allen;Woody Allen;Larry David;Mia Farrow;New York Stories ;6.4;1989.0
2700;Terry Gilliam;Robert De Niro;Bob Hoskins;Jim Broadbent;Brazil ;8.0;1985.0
2729;Michael Chapman;Curtis Armstrong;Pamela Reed;Mike Muscat;The Clan of the Cave Bear ;5.3;1986.0
2734;Fritz Lang;Brigitte Helm;Gustav Fröhlich;Rudolf Klein-Rogge;Metropolis ;8.3;1927.0
2763;Adrian Lyne;Fred Gwynne;Lois Smith;Anne Archer;Fatal Attraction ;6.9;1987.0
2766;John Cornell;Paul Hogan;Linda Kozlowski;John Meillon;Crocodile Dundee II ;5.5;1988.0
2768;Oliver Stone;Tom Cruise;Tom Berenger;Stephen Baldwin;Born on the Fourth of July ;7.2;1989.0
2772;Ted Kotcheff;Sylvester Stallone;Brian Dennehy;Chris Mulkey;First Blood ;7.7;1982.0
2774;Lewis Gilbert;Caroline Munro;Desmond Llewelyn;Barbara Bach;The Spy Who Loved Me ;7.1;1977.0
2777;Stephen Frears;Keanu Reeves;Peter Capaldi;Swoosie Kurtz;Dangerous Liaisons ;7.7;1988.0
2786;John Boorman;Linda Blair;Richard Burton;Ned Beatty;Exorcist II: The Heretic ;3.7;1977.0
2794;Martin Scorsese;Robert De Niro;Liza Minnelli;Mary Kay Place;New York, New York ;6.7;1977.0
2810;James Fargo;Christopher Lee;Joseph Cotten;Behrouz Vossoughi;Caravans ;6.5;1978.0
2832;Barry Levinson;Robin Williams;J.T. Walsh;Bruno Kirby;Good Morning, Vietnam ;7.3;1987.0
2837;Francis Ford Coppola;Robert De Niro;Al Pacino;Robert Duvall;The Godfather: Part II ;9.0;1974.0
2839;Renny Harlin;Tuesday Knight;Rodney Eastman;Brooke Bundy;A Nightmare on Elm Street 4: The Dream Master ;5.7;1988.0
2842;Christopher Cain;Jack Palance;Patrick Wayne;Brian Keith;Young Guns ;6.8;1988.0
2895;Jean-Jacques Annaud;Rae Dawn Chong;Everett McGill;Gary Schwartz;Quest for Fire ;7.4;1981.0
2902;Paul Schrader;Ed Begley Jr.;Ruby Dee;John Heard;Cat People ;6.1;1982.0
2904;John Cromwell;David Niven;Mary Astor;Ronald Colman;The Prisoner of Zenda ;7.8;1937.0
2913;Don Bluth;Judith Barsi;Gabriel Damon;Bill Erwin;The Land Before Time ;7.3;1988.0
2916;William Friedkin;Ellen Burstyn;Linda Blair;Lee J. Cobb;The Exorcist ;8.0;1973.0
2917;Steven Spielberg;Roy Scheider;Robert Shaw;Murray Hamilton;Jaws ;8.0;1975.0
2920;Michael Ritchie;Victor Wong;Randall 'Tex' Cobb;Charlotte Lewis;The Golden Child ;5.9;1986.0
2923;Nicholas Meyer;Leonard Nimoy;Kirstie Alley;Nichelle Nichols;Star Trek II: The Wrath of Khan ;7.7;1982.0
2925;John Badham;Matthew Broderick;Barry Corbin;Ally Sheedy;WarGames ;7.1;1983.0
2926;Peter Weir;Harrison Ford;Viggo Mortensen;Lukas Haas;Witness ;7.4;1985.0
2933;Barbra Streisand;Miriam Margolyes;Amy Irving;Steven Hill;Yentl ;6.6;1983.0
2934;Terry Gilliam;Shelley Duvall;Michael Palin;Kenny Baker;Time Bandits ;7.0;1981.0
2937;Franklin J. Schaffner;George C. Scott;Karl Malden;Bill Hickman;Patton ;8.0;1970.0
2950;John Frankenheimer;Talia Shire;Richard Dysart;Robert Foxworth;Prophecy ;5.4;1979.0
2955;Franklin J. Schaffner;Laurence Olivier;Anne Meara;Steve Guttenberg;The Boys from Brazil ;7.0;1978.0
2968;Bob Rafelson;Anjelica Huston;Michael Lerner;John Colicos;The Postman Always Rings Twice ;6.6;1981.0
2970;Wolfgang Petersen;Jürgen Prochnow;Martin Semmelrogge;Herbert Grönemeyer;Das Boot ;8.4;1981.0
2989;Roger Spottiswoode;Robert Duvall;Treat Williams;Paul Gleason;The Pursuit of D.B. Cooper ;5.7;1981.0
3019;Mary Lambert;Miko Hughes;Fred Gwynne;Denise Crosby;Pet Sematary ;6.6;1989.0
3023;Joe Dante;Phoebe Cates;Harry Carey Jr.;Zach Galligan;Gremlins ;7.2;1984.0
3024;George Lucas;Harrison Ford;Peter Cushing;Kenny Baker;Star Wars: Episode IV - A New Hope ;8.7;1977.0
3026;David Lean;Julie Christie;Klaus Kinski;Geraldine Chaplin;Doctor Zhivago ;8.0;1965.0
3034;David S. Ward;Corbin Bernsen;Tom Berenger;Rene Russo;Major League ;7.2;1989.0
3041;Mel Brooks;Madeline Kahn;Sid Caesar;Dom DeLuise;History of the World: Part I ;6.9;1981.0
3045;Norman Jewison;Sylvester Stallone;Peter Boyle;Rod Steiger;F.I.S.T. ;6.4;1978.0
3046;Tobe Hooper;Louise Fletcher;Bud Cort;William Bassett;Invaders from Mars ;5.5;1986.0
3048;Stanley Kubrick;Ryan O'Neal;Steven Berkoff;Hardy Krüger;Barry Lyndon ;8.1;1975.0
3066;Martin Ritt;Frank Finlay;Anthony Zerbe;Samantha Eggar;The Molly Maguires ;6.9;1970.0
3069;Tobe Hooper;Heather O'Rourke;Zelda Rubinstein;Craig T. Nelson;Poltergeist ;7.4;1982.0
3072;Giuliano Montaldo;John Cassavetes;Gena Rowlands;Britt Ekland;Machine Gun McCain ;6.2;1969.0
3079;Stanley Kubrick;Keir Dullea;Gary Lockwood;Glenn Beck;2001: A Space Odyssey ;8.3;1968.0
3080;Steven Spielberg;Henry Thomas;Dee Wallace;Peter Coyote;E.T. the Extra-Terrestrial ;7.9;1982.0
3092;Ivan Reitman;Bill Murray;Harold Ramis;Judge Reinhold;Stripes ;6.9;1981.0
3100;Martin Scorsese;Tom Cruise;Bill Cobbs;Mary Elizabeth Mastrantonio;The Color of Money ;7.0;1986.0
3101;Ken Annakin;Richard Burton;Richard Beymer;Eddie Albert;The Longest Day ;7.8;1962.0
3106;Stephen Herek;Keanu Reeves;George Carlin;Al Leong;Bill & Ted's Excellent Adventure ;6.9;1989.0
3107;Carol Reed;Oliver Reed;Ron Moody;Jack Wild;Oliver! ;7.5;1968.0
3110;George Miller;Tina Turner;Bruce Spence;Angelo Rossitto;Mad Max Beyond Thunderdome ;6.2;1985.0
3111;Mark L. Lester;Bill Duke;Vernon Wells;Rae Dawn Chong;Commando ;6.7;1985.0
3116;Michael Schultz;Mike Starr;Vanity;Keshia Knight Pulliam;The Last Dragon ;6.9;1985.0
3122;Joe Dante;Albert Brooks;Al Leong;Vic Morrow;Twilight Zone: The Movie ;6.5;1983.0
3123;Rowdy Herrington;Ben Gazzara;Kevin Tighe;Kelly Lynch;Road House ;6.5;1989.0
3128;Francis Ford Coppola;Tom Cruise;William Smith;Tom Waits;The Outsiders ;7.2;1983.0
3130;David Cronenberg;Tom Skerritt;Herbert Lom;Anthony Zerbe;The Dead Zone ;7.2;1983.0
3137;Joseph Zito;Billy Drago;Richard Lynch;Eddie Jones;Invasion U.S.A. ;5.3;1985.0
3148;Walter Hill;Dennis Quaid;David Carradine;Randy Quaid;The Long Riders ;7.1;1980.0
3166;Brian De Palma;Melanie Griffith;Dennis Franz;Gregg Henry;Body Double ;6.8;1984.0
3183;Allan Arkush;Bernadette Peters;Randy Quaid;Christopher Guest;Heartbeeps ;4.2;1981.0
3195;Harley Cokeliss;Cliff Robertson;Tracey Walter;Dennis Burkley;Malone ;5.6;1987.0
3200;Franklin J. Schaffner;Frank Langella;William Hootkins;John Gielgud;Sphinx ;5.2;1981.0
3262;Lewis Gilbert;Donald Pleasence;Burt Kwouk;Desmond Llewelyn;You Only Live Twice ;6.9;1967.0
3265;Gary Sherman;Tom Skerritt;Heather O'Rourke;Zelda Rubinstein;Poltergeist III ;4.5;1988.0
3267;Stanley Kramer;Jonathan Winters;Sid Caesar;Spencer Tracy;It's a Mad, Mad, Mad, Mad World ;7.6;1963.0
3269;Gerald Potterton;John Vernon;Joe Flaherty;Don Francks;Heavy Metal ;6.7;1981.0
3277;Ridley Scott;Tom Skerritt;Yaphet Kotto;Bolaji Badejo;Alien ;8.5;1979.0
3278;Tobe Hooper;Gunnar Hansen;Edwin Neal;Marilyn Burns;The Texas Chain Saw Massacre ;7.5;1974.0
3280;Norman Jewison;Topol;Paul Michael Glaser;Rosalind Harris;Fiddler on the Roof ;8.0;1971.0
3281;Terence Young;Desmond Llewelyn;Earl Cameron;Lois Maxwell;Thunderball ;7.0;1965.0
3286;Tom Holland;Catherine Hicks;Alex Vincent;Dinah Manoff;Child's Play ;6.5;1988.0
3293;John Landis;Don Ameche;Denholm Elliott;Ralph Bellamy;Trading Places ;7.5;1983.0
3296;Kenneth Branagh;Brian Blessed;Derek Jacobi;Danny Webb;Henry V ;7.7;1989.0
3304;Stewart Raffill;Anjelica Huston;John Carradine;Robert Urich;The Ice Pirates ;5.7;1984.0
3323;Peter Faiman;Paul Hogan;Linda Kozlowski;David Gulpilil;Crocodile Dundee ;6.5;1986.0
3331;Joel Schumacher;Dianne Wiest;Jami Gertz;Jason Patric;The Lost Boys ;7.2;1987.0
3333;Mark Rydell;David Keith;Frederic Forrest;Alan Bates;The Rose ;6.9;1979.0
3335;Roger Vadim;Jane Fonda;David Hemmings;Milo O'Shea;Barbarella ;5.9;1968.0
3345;Herbert Ross;Dianne Wiest;Chris Penn;Lori Singer;Footloose ;6.5;1984.0
3351;John G. Avildsen;Martin Kove;William Zabka;William Bassett;The Karate Kid ;7.2;1984.0
3352;Mervyn LeRoy;Peter Ustinov;Deborah Kerr;Robert Taylor;Quo Vadis ;7.2;1951.0
3356;James Frawley;Madeline Kahn;Jim Henson;Dom DeLuise;The Muppet Movie ;7.7;1979.0
3359;Robert Wise;Eleanor Parker;Angela Cartwright;Nicholas Hammond;The Sound of Music ;8.0;1965.0
3360;Ron Howard;Tom Hanks;Howard Morris;Patrick Cronin;Splash ;6.2;1984.0
3362;Rob Reiner;Marshall Bell;Frances Lee McCain;Casey Siemaszko;Stand by Me ;8.1;1986.0
3365;Don Siegel;Clint Eastwood;Patrick McGoohan;Fred Ward;Escape from Alcatraz ;7.6;1979.0
3370;George A. Romero;Ted Danson;Hal Holbrook;Adrienne Barbeau;Creepshow ;6.9;1982.0
3372;Ken Shapiro;Brian Doyle-Murray;Dabney Coleman;Mary Kay Place;Modern Problems ;5.0;1981.0
3375;Peter R. Hunt;Telly Savalas;George Lazenby;Desmond Llewelyn;On Her Majesty's Secret Service ;6.8;1969.0
3407;Michael Winner;Faye Dunaway;Marina Sirtis;John Gielgud;The Wicked Lady ;4.0;1983.0
3423;Katsuhiro Ôtomo;Mitsuo Iwata;Takeshi Kusao;Tesshô Genda;Akira ;8.1;1988.0
3432;David Webb Peoples;Delroy Lindo;Joan Chen;Anna Katarina;The Blood of Heroes ;6.5;1989.0
3434;Bruce Beresford;Morgan Freeman;Jessica Tandy;Patti LuPone;Driving Miss Daisy ;7.4;1989.0
3442;Tony Richardson;Joely Richardson;Beau Bridges;Nastassja Kinski;The Hotel New Hampshire ;6.0;1984.0
3465;Guy Hamilton;Desmond Llewelyn;Lois Maxwell;Jill St. John;Diamonds Are Forever ;6.7;1971.0
3466;Francis Ford Coppola;Al Pacino;Marlon Brando;Robert Duvall;The Godfather ;9.2;1972.0
3467;Adrian Lyne;Michael Nouri;Cynthia Rhodes;Lee Ving;Flashdance ;6.1;1983.0
3472;Guy Hamilton;Yaphet Kotto;Geoffrey Holder;Clifton James;Live and Let Die ;6.8;1973.0
3482;Michael Anderson;Farrah Fawcett;Jenny Agutter;Peter Ustinov;Logan's Run ;6.8;1976.0
3483;Guy Hamilton;Christopher Lee;Hervé Villechaize;Desmond Llewelyn;The Man with the Golden Gun ;6.8;1974.0
3484;Craig R. Baxley;Bill Duke;Vanity;Carl Weathers;Action Jackson ;5.2;1988.0
3495;Sharron Miller;Bernard Fox;Elizabeth MacRae;Charles Aidman;Alien Zone ;4.1;1978.0
3498;Steve Miner;Julian Sands;Richard E. Grant;Lori Singer;Warlock ;6.2;1989.0
3501;Martin Scorsese;Irvin Kershner;Barbara Hershey;Roberts Blossom;The Last Temptation of Christ ;7.6;1988.0
3519;Curtis Hanson;Tom Cruise;Shelley Long;Rick Rossovich;Losin' It ;4.8;1983.0
3521;Dick Richards;Catherine Deneuve;Terence Hill;Jack O'Halloran;March or Die ;6.3;1977.0
3540;Clint Eastwood;Clint Eastwood;Chris Penn;Sydney Penny;Pale Rider ;7.3;1985.0
3557;Luis Valdez;Esai Morales;Rosanna DeSoto;Danielle von Zerneck;La Bamba ;6.8;1987.0
3558;Alan Alda;Rita Moreno;Len Cariou;Sandy Dennis;The Four Seasons ;7.2;1981.0
3559;Brian De Palma;Angie Dickinson;David Margulies;Nancy Allen;Dressed to Kill ;7.1;1980.0
3563;Robert Wise;David Wayne;Paula Kelly;Eric Christmas;The Andromeda Strain ;7.2;1971.0
3575;James Cameron;Michael Biehn;Brian Thompson;Paul Winfield;The Terminator ;8.1;1984.0
3578;Dan O'Bannon;Linnea Quigley;Clu Gulager;Beverly Randolph;The Return of the Living Dead ;7.3;1985.0
3581;Randal Kleiser;Olivia Newton-John;Stockard Channing;Sid Caesar;Grease ;7.2;1978.0
3582;Oliver Stone;Johnny Depp;Tom Berenger;Kevin Dillon;Platoon ;8.1;1986.0
3584;George Roy Hill;Katharine Ross;Ted Cassidy;Kenneth Mars;Butch Cassidy and the Sundance Kid ;8.1;1969.0
3585;Robert Stevenson;Ed Wynn;Glynis Johns;Elsa Lanchester;Mary Poppins ;7.8;1964.0
3586;Robert Redford;Adam Baldwin;Elizabeth McGovern;Judd Hirsch;Ordinary People ;7.8;1980.0
3588;Jerome Robbins;Rita Moreno;George Chakiris;Richard Beymer;West Side Story ;7.6;1961.0
3589;Harold Ramis;Bill Murray;Rodney Dangerfield;Brian Doyle-Murray;Caddyshack ;7.4;1980.0
3593;Stephen Hopkins;Lisa Wilcox;Kelly Jo Minter;Matthew Borlenghi;A Nightmare on Elm Street 5: The Dream Child ;5.1;1989.0
3596;King Vidor;Joseph Cotten;Lillian Gish;Jennifer Jones;Duel in the Sun ;6.9;1946.0
3598;John Carpenter;Donald Pleasence;Adrienne Barbeau;Tom Atkins;Escape from New York ;7.2;1981.0
3599;Spike Lee;Tisha Campbell-Martin;Ossie Davis;Bill Nunn;School Daze ;5.8;1988.0
3603;Donald Petrie;Julia Roberts;Lili Taylor;Conchata Ferrell;Mystic Pizza ;6.2;1988.0
3608;Dominique Othenin-Girard;Donald Pleasence;Tamara Glynn;Troy Evans;Halloween 5 ;5.2;1989.0
3630;Sam Peckinpah;William Holden;Warren Oates;L.Q. Jones;The Wild Bunch ;8.0;1969.0
3632;Michael Crichton;Lesley-Anne Down;Michael Elphick;Pamela Salem;The Great Train Robbery ;7.0;1979.0
3641;Fred Zinnemann;Meryl Streep;Jane Fonda;Vanessa Redgrave;Julia ;7.4;1977.0
3651;David Cronenberg;Debbie Harry;Leslie Carlson;Reiner Schwarz;Videodrome ;7.3;1983.0
3657;John Frankenheimer;Jeanne Moreau;Paul Scofield;Michel Simon;The Train ;7.9;1964.0
3668;George Roy Hill;Eileen Brennan;Robert Shaw;Ray Walston;The Sting ;8.3;1973.0
3669;Hugh Hudson;Alice Krige;Ben Cross;John Gielgud;Chariots of Fire ;7.2;1981.0
3673;Clint Eastwood;Clint Eastwood;Richard Bull;John Hillerman;High Plains Drifter ;7.6;1973.0
3676;William Sachs;Stephen Macht;Avery Schreiber;Angelo Rossitto;Galaxina ;3.4;1980.0
3680;Spike Lee;Ruby Dee;John Savage;Danny Aiello;Do the Right Thing ;7.9;1989.0
3694;Jeannot Szwarc;Teresa Wright;Bill Erwin;George Voskovec;Somewhere in Time ;7.3;1980.0
3703;Chuck Russell;John Saxon;Heather Langenkamp;Jennifer Rubin;A Nightmare on Elm Street 3: Dream Warriors ;6.6;1987.0
3707;Henry Koster;Richard Burton;Jean Simmons;Victor Mature;The Robe ;6.8;1953.0
3708;Blake Edwards;Burt Kwouk;Herbert Lom;Catherine Schell;The Return of the Pink Panther ;7.1;1975.0
3711;Richard Fleischer;James Mason;Robert J. Wilke;Paul Lukas;20,000 Leagues Under the Sea ;7.2;1954.0
3713;David Lynch;Anthony Hopkins;Anne Bancroft;Dexter Fletcher;The Elephant Man ;8.2;1980.0
3722;George Miller;Tony Bonner;Jack Thompson;Tom Burlinson;The Man from Snowy River ;7.3;1982.0
3725;Frank Perry;Faye Dunaway;Xander Berkeley;Diana Scarwid;Mommie Dearest ;6.7;1981.0
3734;Michael Curtiz;Gene Tierney;Peter Ustinov;Jean Simmons;The Egyptian ;6.6;1954.0
3735;Bruce Malmuth;Sylvester Stallone;Lindsay Wagner;Persis Khambatta;Nighthawks ;6.4;1981.0
3736;Rob Hedden;Kane Hodder;Peter Mark Richman;Scott Reeves;Friday the 13th Part VIII: Jason Takes Manhattan ;4.5;1989.0
3744;Dwight H. Little;Donald Pleasence;Kathleen Kinmont;Ellie Cornell;Halloween 4: The Return of Michael Myers ;5.9;1988.0
3745;Fred Walton;Thomas F. Wilson;Deborah Foreman;Clayton Rohner;April Fool's Day ;6.2;1986.0
3746;Barry Levinson;Steve Guttenberg;Daniel Stern;Ellen Barkin;Diner ;7.2;1982.0
3747;Steve Carver;David Carradine;William Sanderson;Robert Beltran;Lone Wolf McQuade ;6.3;1983.0
3751;Don Coscarelli;Vanna Bonta;John Amos;Rip Torn;The Beastmaster ;6.2;1982.0
3752;King Vidor;Gina Lollobrigida;George Sanders;Finlay Currie;Solomon and Sheba ;6.2;1959.0
3755;Frank Borzage;Gary Cooper;Helen Hayes;Adolphe Menjou;A Farewell to Arms ;6.6;1932.0
3760;Richard Lester;Robert Shaw;Denholm Elliott;Nicol Williamson;Robin and Marian ;6.6;1976.0
3762;Guy Hamilton;Harrison Ford;Carl Weathers;Franco Nero;Force 10 from Navarone ;6.3;1978.0
3763;Jay Levey;Fran Drescher;Gedde Watanabe;Michael Richards;UHF ;7.0;1989.0
3766;Sergio Leone;Claudia Cardinale;Woody Strode;Jack Elam;Once Upon a Time in the West ;8.6;1968.0
3774;Jerry Belson;Cassandra Peterson;Tim Thomerson;Bess Armstrong;Jekyll and Hyde... Together Again ;6.2;1982.0
3791;Dennis Hopper;Raymond Burr;Don Gordon;Jim Byrnes;Out of the Blue ;7.2;1980.0
3794;Richard Wallace;Judith Anderson;Paul Fix;Laraine Day;Tycoon ;6.2;1947.0
3814;Peter Hyams;David Huddleston;Sam Waterston;Hal Holbrook;Capricorn One ;6.8;1977.0
3826;Frank LaLoggia;Alex Rocco;Lukas Haas;Katherine Helmond;Lady in White ;6.7;1988.0
3829;Tobe Hooper;Bill Johnson;Lou Perryman;Jim Siedow;The Texas Chainsaw Massacre 2 ;5.5;1986.0
3830;Sam Peckinpah;James Coburn;Bob Dylan;Jason Robards;Pat Garrett & Billy the Kid ;7.4;1973.0
3841;Hugh Wilson;Steve Guttenberg;Bubba Smith;Michael Winslow;Police Academy ;6.7;1984.0
3842;Randal Kleiser;Brooke Shields;Christopher Atkins;Leo McKern;The Blue Lagoon ;5.7;1980.0
3844;Amy Heckerling;Jennifer Jason Leigh;Judge Reinhold;Vincent Schiavelli;Fast Times at Ridgemont High ;7.2;1982.0
3845;John Huston;Royal Dano;Richard Basehart;James Robertson Justice;Moby Dick ;7.4;1956.0
3850;Walter Lang;Dana Andrews;Jeanne Crain;Frank McHugh;State Fair ;7.1;1945.0
3852;Oliver Stone;Jim Belushi;John Savage;Juan Fernández;Salvador ;7.5;1986.0
3867;Milos Forman;Scatman Crothers;Michael Berryman;Louise Fletcher;One Flew Over the Cuckoo's Nest ;8.7;1975.0
3869;Mel Brooks;Sid Caesar;Dom DeLuise;Bernadette Peters;Silent Movie ;6.7;1976.0
3885;Bob Clark;Art Hindle;Susan Clark;Tony Ganios;Porky's ;6.2;1981.0
3887;George A. Romero;Judith O'Dea;Duane Jones;S. William Hinzman;Night of the Living Dead ;8.0;1968.0
3889;Woody Allen;Woody Allen;Carol Kane;Shelley Duvall;Annie Hall ;8.1;1977.0
3890;Cecil B. DeMille;Gloria Grahame;Dorothy Lamour;Cornel Wilde;The Greatest Show on Earth ;6.7;1952.0
3896;Dan O'Bannon;Linnea Quigley;Clu Gulager;Beverly Randolph;The Return of the Living Dead ;7.3;1985.0
3897;Billy Wilder;Austin Pendleton;Harold Gould;David Wayne;The Front Page ;7.3;1974.0
3899;Carol Reed;Gina Lollobrigida;Katy Jurado;Sidney James;Trapeze ;6.8;1956.0
3902;John Carpenter;Meg Foster;Peter Jason;George 'Buck' Flower;They Live ;7.3;1988.0
3903;John Sturges;James Coburn;Donald Pleasence;Gordon Jackson;The Great Escape ;8.3;1963.0
3912;John Huston;Montgomery Clift;Kevin McCarthy;Thelma Ritter;The Misfits ;7.4;1961.0
3919;Alfred Hitchcock;Roscoe Lee Browne;John Vernon;Philippe Noiret;Topaz ;6.3;1969.0
3924;Oliver Stone;Michael Wincott;Zach Grenier;Bill Johnson;Talk Radio ;7.3;1988.0
3932;Ruggero Deodato;Michael Berryman;Eva LaRue;Richard Lynch;The Barbarians ;4.8;1987.0
3940;Renny Harlin;Viggo Mortensen;Lane Smith;Hal Landon Jr.;Prison ;5.9;1987.0
3958;Peter H. Hunt;Blythe Danner;Ken Howard;Howard Caine;1776 ;7.6;1972.0
3960;Howard Hughes;Jean Harlow;Marian Marsh;James Hall;Hell's Angels ;7.8;1930.0
3968;Fred Zinnemann;Robert Shaw;Susannah York;Paul Scofield;A Man for All Seasons ;7.9;1966.0
3969;Sidney Lumet;Robert Duvall;Faye Dunaway;William Holden;Network ;8.1;1976.0
3970;Victor Fleming;Hattie McDaniel;George Reeves;Thomas Mitchell;Gone with the Wind ;8.2;1939.0
3972;Sam Peckinpah;James Coburn;Slim Pickens;Warren Oates;Major Dundee ;6.8;1965.0
3974;George Sidney;Keenan Wynn;Howard Keel;Betty Hutton;Annie Get Your Gun ;7.0;1950.0
3978;Vincente Minnelli;Gladys Cooper;Reginald Owen;Ellen Ross;The Pirate ;7.1;1948.0
3983;John Schlesinger;Brenda Vaccaro;Barnard Hughes;John McGiver;Midnight Cowboy ;7.9;1969.0
3985;Jim Abrahams;Peter Graves;Lloyd Bridges;Barbara Billingsley;Airplane! ;7.8;1980.0
3990;Michael Gornick;George Kennedy;Holt McCallany;Dorothy Lamour;Creepshow 2 ;6.0;1987.0
3991;Sam Peckinpah;Slim Pickens;Jason Robards;L.Q. Jones;The Ballad of Cable Hogue ;7.3;1970.0
3992;Richard Brooks;John Forsythe;Robert Blake;Will Geer;In Cold Blood ;8.0;1967.0
3993;Fred Zinnemann;Colleen Dewhurst;Peter Finch;Beatrice Straight;The Nun's Story ;7.6;1959.0
3994;Jack Smight;Janet Leigh;Robert Wagner;Shelley Winters;Harper ;7.0;1966.0
3995;Alfred Hitchcock;Bernard Cribbins;Jean Marsh;Clive Swift;Frenzy ;7.5;1972.0
4001;George A. Romero;Greg Nicotero;John Amplas;Joseph Pilato;Day of the Dead ;7.2;1985.0
4003;Sam Raimi;Ted Raimi;Dan Hicks;Kassie Wesley DePaiva;Evil Dead II ;7.8;1987.0
4023;Mel Brooks;Madeline Kahn;Harvey Korman;Dick Van Patten;High Anxiety ;6.7;1977.0
4034;Bob Clark;Zack Ward;Darren McGavin;Scott Schwartz;A Christmas Story ;8.1;1983.0
4036;Mark L. Lester;Roddy McDowall;Perry King;Timothy Van Patten;Class of 1984 ;6.6;1982.0
4040;Roman Polanski;John Cassavetes;Mia Farrow;Charles Grodin;Rosemary's Baby ;8.0;1968.0
4041;John Ford;Lee Marvin;Woody Strode;Vera Miles;The Man Who Shot Liberty Valance ;8.1;1962.0
4046;John Landis;John Belushi;Karen Allen;Tim Matheson;Animal House ;7.6;1978.0
4047;Guy Hamilton;Honor Blackman;Gert Fröbe;Lois Maxwell;Goldfinger ;7.8;1964.0
4049;Frank Capra;Donna Reed;Lionel Barrymore;Thomas Mitchell;It's a Wonderful Life ;8.6;1946.0
4056;Jack Sholder;Clu Gulager;Robert Rusler;Marshall Bell;A Nightmare on Elm Street 2: Freddy's Revenge ;5.4;1985.0
4057;James Ivory;Julian Sands;Rupert Graves;Denholm Elliott;A Room with a View ;7.4;1985.0
4061;Richard Brooks;Burl Ives;Judith Anderson;Jack Carson;Cat on a Hot Tin Roof ;8.1;1958.0
4062;Ted Post;Linda Harrison;Gregory Sierra;Victor Buono;Beneath the Planet of the Apes ;6.1;1970.0
4065;Tom McLoughlin;Tony Goldwyn;Ron Palillo;Vincent Guastaferro;Jason Lives: Friday the 13th Part VI ;5.9;1986.0
4066;David Lean;William Holden;Sessue Hayakawa;Jack Hawkins;The Bridge on the River Kwai ;8.2;1957.0
4068;Alfred Hitchcock;Ed Lauter;Bruce Dern;William Devane;Family Plot ;6.8;1976.0
4069;Billy Wilder;Fred MacMurray;Ray Walston;David White;The Apartment ;8.3;1960.0
4071;Alfred Hitchcock;Tamara Toumanova;Lila Kedrova;David Opatoshu;Torn Curtain ;6.7;1966.0
4074;Michael Schultz;Blair Underwood;LisaGay Hamilton;Bobby Brown;Krush Groove ;6.6;1985.0
4076;Richard Brooks;Shirley Jones;Jean Simmons;Edward Andrews;Elmer Gantry ;7.9;1960.0
4077;Stanley Kramer;Maximilian Schell;Montgomery Clift;Spencer Tracy;Judgment at Nuremberg ;8.3;1961.0
4080;Howard Hawks;Montgomery Clift;Walter Brennan;Harry Carey Jr.;Red River ;7.8;1948.0
4083;Christopher Leitch;John Astin;Robert Neary;Kim Darby;Teen Wolf Too ;3.2;1987.0
4084;Don Coscarelli;Angus Scrimm;A. Michael Baldwin;James Le Gros;Phantasm II ;6.5;1988.0
4093;Mel Stuart;Peter Ostrum;Jack Albertson;Julie Dawn Cole;Willy Wonka & the Chocolate Factory ;7.8;1971.0
4096;Terrence Malick;Sam Shepard;Stuart Margolin;Richard Libertini;Days of Heaven ;8.0;1978.0
4135;John Boorman;Lee Marvin;Angie Dickinson;Carroll O'Connor;Point Blank ;7.4;1967.0
4140;Monte Hellman;Everett McGill;Jack Taylor;Fabio Testi;Iguana ;6.2;1988.0
4145;Frank Capra;Ann-Margret;Glenn Ford;Thomas Mitchell;Pocketful of Miracles ;7.3;1961.0
4150;Richard Donner;Lee Remick;Patrick Troughton;Billie Whitelaw;The Omen ;7.6;1976.0
4155;Billy Wilder;Nehemiah Persoff;Joe E. Brown;George Raft;Some Like It Hot ;8.3;1959.0
4156;John Carl Buechler;Kane Hodder;Terry Kiser;William Butler;Friday the 13th Part VII: The New Blood ;5.3;1988.0
4157;Victor Fleming;Margaret Hamilton;Terry;Billie Burke;The Wizard of Oz ;8.1;1939.0
4158;Mel Brooks;Madeline Kahn;Peter Boyle;Teri Garr;Young Frankenstein ;8.0;1974.0
4162;Carroll Ballard;Teri Garr;Kelly Reno;Hoyt Axton;The Black Stallion ;7.4;1979.0
4165;John Ford;Lee Marvin;Cesar Romero;Jack Warden;Donovan's Reef ;6.9;1963.0
4167;Victor Fleming;Spencer Tracy;Esther Williams;Irene Dunne;A Guy Named Joe ;7.0;1943.0
4168;Mel Brooks;Madeline Kahn;David Huddleston;Harvey Korman;Blazing Saddles ;7.8;1974.0
4169;Joseph Zito;Judie Aronson;Tom Everett;Kimberly Beck;Friday the 13th: The Final Chapter ;5.9;1984.0
4171;James Ivory;Rupert Graves;Denholm Elliott;Simon Callow;Maurice ;7.8;1987.0
4178;Stanley Donen;Rita Moreno;Debbie Reynolds;Cyd Charisse;Singin' in the Rain ;8.3;1952.0
4184;Tommy Lee Wallace;Tom Atkins;Dan O'Herlihy;Nancy Kyes;Halloween III: Season of the Witch ;4.6;1982.0
4185;Don Taylor;Roddy McDowall;M. Emmet Walsh;Sal Mineo;Escape from the Planet of the Apes ;6.3;1971.0
4186;Martin Ritt;Patricia Neal;Melvyn Douglas;Whit Bissell;Hud ;7.9;1963.0
4218;George Sidney;Esther Williams;Basil Rathbone;Red Skelton;Bathing Beauty ;6.5;1944.0
4221;George Sidney;Agnes Moorehead;Ava Gardner;Howard Keel;Show Boat ;7.0;1951.0
4224;Jerry Rees;Jon Lovitz;Phil Hartman;Mindy Sterling;The Brave Little Toaster ;7.3;1987.0
4225;James Algar;Leopold Stokowski;Deems Taylor;;Fantasia ;7.8;1940.0
4226;William Friedkin;Roy Scheider;Fernando Rey;Tony Lo Bianco;The French Connection ;7.8;1971.0
4228;Steve Miner;Richard Brooker;Dana Kimmell;Catherine Parks;Friday the 13th Part III ;5.7;1982.0
4229;Danny Steinmann;Tiffany Helm;Melanie Kinnaman;Dominick Brascia;Friday the 13th: A New Beginning ;4.7;1985.0
4233;Tay Garnett;Jessica Tandy;Greer Garson;Lionel Barrymore;The Valley of Decision ;7.5;1945.0
4238;William Wyler;Myrna Loy;Teresa Wright;Dana Andrews;The Best Years of Our Lives ;8.1;1946.0
4247;Terence Young;Robert Shaw;Daniela Bianchi;Lois Maxwell;From Russia with Love ;7.5;1963.0
4248;Michael Herz;Phoebe Legere;Jessica Dublin;Lisa Gaye;The Toxic Avenger Part II ;5.1;1989.0
4250;Woody Allen;Woody Allen;John Beck;Mews Small;Sleeper ;7.3;1973.0
4252;Woody Allen;Woody Allen;John Carradine;Lynn Redgrave;Everything You Always Wanted to Know About Sex * But Were Afraid to Ask ;6.8;1972.0
4253;Robert Mulligan;Robert Duvall;Brock Peters;William Windom;To Kill a Mockingbird ;8.4;1962.0
4254;George Miller;Vernon Wells;Bruce Spence;Kjell Nilsson;Mad Max 2: The Road Warrior ;7.6;1981.0
4256;Stanley Kubrick;James Mason;Shelley Winters;Lois Maxwell;Lolita ;7.7;1962.0
4261;Robert Rossen;George C. Scott;Jackie Gleason;Murray Hamilton;The Hustler ;8.0;1961.0
4262;Jack Conway;Hedy Lamarr;Spencer Tracy;Claudette Colbert;Boom Town ;7.1;1940.0
4269;Elia Kazan;Dean Stockwell;Celeste Holm;John Garfield;Gentleman's Agreement ;7.4;1947.0
4272;Henry King;Tyrone Power;Don Ameche;John Carradine;Alexander's Ragtime Band ;7.0;1938.0
4280;Kevin Tenney;Kathleen Wilhoite;Tawny Kitaen;Rose Marie;Witchboard ;5.7;1986.0
4295;Luc Besson;Christopher Lambert;Isabelle Adjani;Jean-Hugues Anglade;Subway ;6.5;1985.0
4324;Woody Allen;Woody Allen;Charlotte Rae;Louise Lasser;Bananas ;7.1;1971.0
4328;Orson Welles;Rita Hayworth;Everett Sloane;Ted de Corsia;The Lady from Shanghai ;7.7;1947.0
4335;Harald Reinl;Christopher Lee;Lex Barker;Karin Dor;The Torture Chamber of Dr. Sadism ;6.0;1967.0
4337;Richard Lester;Buster Keaton;Zero Mostel;Phil Silvers;A Funny Thing Happened on the Way to the Forum ;7.0;1966.0
4343;Tim Hunter;Keanu Reeves;Daniel Roebuck;Ione Skye;River's Edge ;7.1;1986.0
4352;Wes Craven;Johnny Depp;Lin Shaye;Amanda Wyss;A Nightmare on Elm Street ;7.5;1984.0
4358;Elia Kazan;Marlon Brando;Karl Malden;Kim Hunter;A Streetcar Named Desire ;8.0;1951.0
4359;Stanley Kubrick;George C. Scott;Slim Pickens;Keenan Wynn;Dr. Strangelove or: How I Learned to Stop Worrying and Love the Bomb ;8.5;1964.0
4362;J. Lee Thompson;Roddy McDowall;Paul Williams;Claude Akins;Battle for the Planet of the Apes ;5.5;1973.0
4369;Ted Post;Clint Eastwood;Bruce Dern;Alan Hale Jr.;Hang 'Em High ;7.0;1968.0
4370;Richard Brooks;Humphrey Bogart;Jim Backus;Kim Hunter;Deadline - U.S.A. ;7.2;1952.0
4380;J. Lee Thompson;Roddy McDowall;Gordon Jump;John Randolph;Conquest of the Planet of the Apes ;6.1;1972.0
4387;Frank Capra;Jean Arthur;Ann Miller;Lionel Barrymore;You Can't Take It with You ;8.0;1938.0
4388;Fred Zinnemann;Montgomery Clift;Donna Reed;Deborah Kerr;From Here to Eternity ;7.8;1953.0
4389;John Ford;Harry Carey Jr.;Ben Johnson;Victor McLaglen;She Wore a Yellow Ribbon ;7.4;1949.0
4396;Francis Ford Coppola;Harrison Ford;Teri Garr;Cindy Williams;The Conversation ;7.9;1974.0
4398;François Truffaut;Catherine Deneuve;Jean-Paul Belmondo;Michel Bouquet;Mississippi Mermaid ;7.2;1969.0
4403;Newt Arnold;Bolo Yeung;Donald Gibb;Ken Siu;Bloodsport ;6.8;1988.0
4404;Frank Capra;Claude Rains;Jean Arthur;Thomas Mitchell;Mr. Smith Goes to Washington ;8.2;1939.0
4410;Alfred Hitchcock;Norman Lloyd;Rhonda Fleming;Leo G. Carroll;Spellbound ;7.6;1945.0
4414;Alex Cox;Del Zamora;Tracey Walter;Miguel Sandoval;Repo Man ;6.9;1984.0
4427;Charles Chaplin;Paulette Goddard;Stanley Blystone;Fred Malatesta;Modern Times ;8.6;1936.0
4449;William Cottrell;Adriana Caselotti;Billy Gilbert;Lucille La Verne;Snow White and the Seven Dwarfs ;7.7;1937.0
4451;Edward Dmytryk;Brigitte Bardot;Woody Strode;Honor Blackman;Shalako ;5.5;1968.0
4457;Leslie H. Martinson;Burgess Meredith;Cesar Romero;Burt Ward;Batman: The Movie ;6.5;1966.0
4459;Robert M. Young;Barry Corbin;Bruce McGill;Ned Beatty;The Ballad of Gregorio Cortez ;7.1;1982.0
4469;Paul Donovan;Maury Chaykin;Lenore Zann;Tim Choate;Def-Con 4 ;4.3;1985.0
4474;Alfred Hitchcock;Laurence Olivier;Joan Fontaine;George Sanders;Rebecca ;8.2;1940.0
4475;Steve Miner;Betsy Palmer;Adrienne King;Amy Steel;Friday the 13th Part 2 ;6.1;1981.0
4476;Billy Wilder;Ray Milland;Jane Wyman;Frank Faylen;The Lost Weekend ;8.0;1945.0
4477;Douglas Cheek;Daniel Stern;John Heard;Sam McMurray;C.H.U.D. ;5.5;1984.0
4480;Henry Hathaway;Joseph Cotten;Jean Peters;Will Wright;Niagara ;7.1;1953.0
4481;John Ford;Roddy McDowall;Walter Pidgeon;Barry Fitzgerald;How Green Was My Valley ;7.8;1941.0
4484;Steven Soderbergh;Peter Gallagher;Laura San Giacomo;Steven Brill;Sex, Lies, and Videotape ;7.2;1989.0
4492;Alfred Hitchcock;Jerry Mathers;John Forsythe;Royal Dano;The Trouble with Harry ;7.2;1955.0
4497;Walter Lang;Spring Byington;Nigel Bruce;Gale Sondergaard;The Blue Bird ;6.5;1940.0
4498;Sergio Leone;Clint Eastwood;Luigi Pistilli;Enzo Petito;The Good, the Bad and the Ugly ;8.9;1966.0
4508;Michael Curtiz;Errol Flynn;David Niven;Spring Byington;The Charge of the Light Brigade ;7.1;1936.0
4512;Ossie Davis;Redd Foxx;Cleavon Little;Calvin Lockhart;Cotton Comes to Harlem ;6.6;1970.0
4518;Jeff Burr;Terry Kiser;Clu Gulager;Susan Tyrrell;From a Whisper to a Scream ;5.9;1987.0
4526;Michael Curtiz;Humphrey Bogart;Claude Rains;Conrad Veidt;Casablanca ;8.6;1942.0
4529;Douglas Trumbull;Bruce Dern;Ron Rifkin;Jesse Vint;Silent Running ;6.7;1972.0
4530;John G. Avildsen;Sylvester Stallone;Burgess Meredith;Carl Weathers;Rocky ;8.1;1976.0
4532;John Carpenter;Jamie Lee Curtis;Hal Holbrook;Janet Leigh;The Fog ;6.8;1980.0
4533;Tony Richardson;Albert Finney;Susannah York;Hugh Griffith;Tom Jones ;6.8;1963.0
4535;Martin Scorsese;Robert De Niro;Albert Brooks;Peter Boyle;Taxi Driver ;8.3;1976.0
4536;Joe Dante;Patrick Macnee;Robert Picardo;Dee Wallace;The Howling ;6.6;1981.0
4537;Terence Young;Ursula Andress;Jack Lord;Lois Maxwell;Dr. No ;7.3;1962.0
4539;Clive Barker;Andrew Robinson;Ashley Laurence;Clare Higgins;Hellraiser ;7.0;1987.0
4546;Russ Meyer;Charles Napier;Cynthia Myers;Harrison Page;Beyond the Valley of the Dolls ;6.2;1970.0
4547;Robert D. Webb;James Drury;Neville Brand;Debra Paget;Love Me Tender ;6.2;1956.0
4549;Allan Dwan;James Brown;Richard Jaeckel;Forrest Tucker;Sands of Iwo Jima ;7.2;1949.0
4573;Mel Brooks;Madeline Kahn;Sid Caesar;Dom DeLuise;History of the World: Part I ;6.9;1981.0
4614;Guy Hamilton;Oliver Reed;Eddie Albert;Louise Sorel;The Party's Over ;7.3;1965.0
4632;Ralph Nelson;Cliff Robertson;Dick Van Patten;Claire Bloom;Charly ;7.1;1968.0
4638;Elia Kazan;Marlon Brando;Karl Malden;Rod Steiger;On the Waterfront ;8.2;1954.0
4647;James Algar;Sam Edwards;Donnie Dunagan;Ann Gillis;Bambi ;7.4;1942.0
4664;Georg Wilhelm Pabst;Louise Brooks;Francis Lederer;Fritz Kortner;Pandora's Box ;8.0;1929.0
4674;George Lucas;Harrison Ford;Ron Howard;Mackenzie Phillips;American Graffiti ;7.5;1973.0
4682;Bernardo Bertolucci;Jean-Louis Trintignant;Stefania Sandrelli;Dominique Sanda;The Conformist ;8.1;1970.0
4687;Fred Zinnemann;Gary Cooper;Lloyd Bridges;Lon Chaney Jr.;High Noon ;8.1;1952.0
4706;Mark Sandrich;Ginger Rogers;Edward Everett Horton;Eric Blore;Top Hat ;7.8;1935.0
4708;Michael Wadleigh;Joe Cocker;Jimi Hendrix;Joan Baez;Woodstock ;8.1;1970.0
4709;John Landis;David Zucker;Barry Dennen;Tara Strohmeier;The Kentucky Fried Movie ;6.5;1977.0
4719;Richard Lester;Paul McCartney;Ringo Starr;George Harrison;A Hard Day's Night ;7.7;1964.0
4721;Amy Holden Jones;Jamie Lee Curtis;Sally Kirkland;Amy Madigan;Love Letters ;6.1;1983.0
4725;Joe Camp;Frances Bavier;Peter Breck;Edgar Buchanan;Benji ;6.1;1974.0
4728;John 'Bud' Cardos;Woody Strode;Hoke Howell;Tiffany Bolling;Kingdom of the Spiders ;5.9;1977.0
4747;Akira Kurosawa;Takashi Shimura;Minoru Chiaki;Kamatari Fujiwara;Seven Samurai ;8.7;1954.0
4779;Michael Herz;Patrick Kilpatrick;Mark Torgl;Pat Ryan;The Toxic Avenger ;6.2;1984.0
4786;Lloyd Bacon;Ginger Rogers;Dick Powell;George Brent;42nd Street ;7.7;1933.0
4795;Terry Gilliam;Eric Idle;Michael Palin;Terry Jones;Monty Python and the Holy Grail ;8.3;1975.0
4802;Lucio Fulci;Catriona MacColl;David Warbeck;Al Cliver;The Beyond ;6.9;1981.0
4806;Stephen Frears;Saeed Jaffrey;Roshan Seth;Garry Cooper;My Beautiful Laundrette ;6.9;1985.0
4809;Ingmar Bergman;Liv Ullmann;Ingrid Thulin;Erland Josephson;Cries & Whispers ;8.2;1972.0
4810;D.W. Griffith;Lillian Gish;Mae Marsh;Walter Long;Intolerance: Love's Struggle Throughout the Ages ;8.0;1916.0
4812;Harry Beaumont;Anita Page;Bessie Love;Charles King;The Broadway Melody ;6.3;1929.0
4813;Sam Raimi;Ted Raimi;Betsy Baker;Ellen Sandweiss;The Evil Dead ;7.6;1981.0
4817;Sam Firstenberg;Michael Dudikoff;Steve James;Larry Poindexter;American Ninja 2: The Confrontation ;4.7;1987.0
4821;John Carpenter;Jamie Lee Curtis;Donald Pleasence;P.J. Soles;Halloween ;7.9;1978.0
4822;Sidney Lumet;Jack Warden;Lee J. Cobb;John Fiedler;12 Angry Men ;8.9;1957.0
4824;Frank Capra;Claudette Colbert;Alan Hale;Walter Connolly;It Happened One Night ;8.2;1934.0
4835;Jean-Luc Godard;Jean-Paul Belmondo;Anna Karina;Graziella Galvani;Pierrot le Fou ;7.7;1965.0
4838;Michael Roemer;Yaphet Kotto;Gloria Foster;Ivan Dixon;Nothing But a Man ;8.1;1964.0
4844;Paul Bartel;Sylvester Stallone;David Carradine;Martin Kove;Death Race 2000 ;6.2;1975.0
4849;Herb Freed;Linnea Quigley;Carmen Argenziano;Vanna White;Graduation Day ;4.5;1981.0
4879;Matt Cimber;Stacy Keach;June Lockhart;Stuart Whitman;Butterfly ;4.5;1982.0
4885;King Vidor;John Gilbert;Renée Adorée;Claire Adams;The Big Parade ;8.3;1925.0
4892;Al Silliman Jr.;Christina Hart;Nancy Ison;William Condos;The Stewardesses ;4.0;1969.0
4893;Eugène Lourié;Kenneth Tobey;Cecil Kellaway;Ross Elliott;The Beast from 20,000 Fathoms ;6.7;1953.0
4894;Richard Fleischer;James Mason;Robert J. Wilke;Paul Lukas;20,000 Leagues Under the Sea ;7.2;1954.0
4895;George Miller;Hugh Keays-Byrne;Steve Bisley;Joanne Samuel;Mad Max ;7.0;1979.0
4897;Sergio Leone;Clint Eastwood;Gian Maria Volontè;Aldo Sambrell;A Fistful of Dollars ;8.0;1964.0
4898;Lowell Sherman;Mae West;Gilbert Roland;Louise Beavers;She Done Him Wrong ;6.5;1933.0
4912;Carl Theodor Dreyer;Hanne Aagesen;Sylvia Eckhausen;Ejner Federspiel;Ordet ;8.1;1955.0
4923;Spike Lee;S. Epatha Merkerson;Joie Lee;Tracy Camilla Johns;She's Gotta Have It ;6.5;1986.0
4928;Melvin Van Peebles;John Amos;Mario Van Peebles;Melvin Van Peebles;Sweet Sweetback's Baadasssss Song ;5.5;1971.0
4936;Tobe Hooper;Gunnar Hansen;Edwin Neal;Marilyn Burns;The Texas Chain Saw Massacre ;7.5;1974.0
4937;Bill Melendez;Peter Robbins;Bill Melendez;Christopher Shea;A Charlie Brown Christmas ;8.4;1965.0
4941;Michael Moore;Michael Moore;Pat Boone;Bob Eubanks;Roger & Me ;7.5;1989.0
4942;Paul Schrader;Ed Begley Jr.;Ruby Dee;John Heard;Cat People ;6.1;1982.0
4951;George A. Romero;Judith O'Dea;Duane Jones;S. William Hinzman;Night of the Living Dead ;8.0;1968.0
4952;Jean-Luc Godard;Philippe Leroy;Macha Méril;Rita Maiden;Une Femme Mariée ;7.4;1964.0
4957;David Lynch;Hal Landon Jr.;Jack Nance;Charlotte Stewart;Eraserhead ;7.4;1977.0
4958;Harry F. Millarde;Stephen Carr;Johnnie Walker;Mary Carr;Over the Hill to the Poorhouse ;4.8;1920.0
4959;Robert Townsend;Robert Townsend;Keenen Ivory Wayans;Helen Martin;Hollywood Shuffle ;7.0;1987.0
4961;Jamaa Fanaka;Leon Isaac Kennedy;Chuck Mitchell;Wilbur 'Hi-Fi' White;Penitentiary ;5.8;1979.0
4967;John Reinhardt;Sheldon Leonard;John Ireland;Arthur O'Connell;Open Secret ;7.1;1948.0
4969;Laslo Benedek;Liv Ullmann;Trevor Howard;Andrew Keir;The Night Visitor ;6.8;1971.0
4980;Joseph Green;Virginia Leith;Jason Evers;Bruce Kerr;The Brain That Wouldn't Die ;4.1;1962.0
4986;Bruno Barreto;Marcello Mastroianni;Sonia Braga;Joffre Soares;Gabriela ;6.4;1983.0
5001;Martin Scorsese;Ringo Starr;Levon Helm;Bob Dylan;The Last Waltz ;8.2;1978.0
5009;James Bidgood;Don Brooks;Bobby Kendall;;Pink Narcissus ;6.7;1971.0
5025;John Waters;Divine;Mink Stole;Edith Massey;Pink Flamingos ;6.1;1972.0
